{"data":{"jobs":{"edges":[{"node":{"frontmatter":{"title":"Founder & Lead Developer","company":"Sociokraft","location":"Istanbul, Turkey","range":"May 2022 - Present","url":"https://www.socikraft.com/"},"html":"<ul>\n<li>Spearhead the development of high-quality, robust code for diverse projects, serving clients and enhancing Sociokraft's digital ecosystem.</li>\n<li>Collaborate closely with stakeholders, including Princeton University and Keller Center, to identify and deliver technical solutions that align with business objectives.</li>\n<li>Provided leadership, mentorship, knowledge sharing, and technical leadership within the development team to foster a culture of continuous learning and innovation.</li>\n<li>Successfully secured funding for Sociokraft through Princeton University and the Keller Center.</li>\n<li>Developed a mobile application in React Native and a website using HTML, CSS, and JavaScript, enhancing customer engagement and advertising effectiveness.</li>\n<li>Created the Sociokraft Dashboard for companies, leveraging JS, MongoDB, and Azure AI to deliver powerful customer analytics and insights.</li>\n</ul>"}},{"node":{"frontmatter":{"title":"Undergraduate Teaching Assistant","company":"Princeton University","location":"Princeton, NJ","range":"January 2023 - June 2023","url":"https://www.cs.princeton.edu/courses/archive/spring23/cos226/syllabus.php"},"html":"<ul>\n<li>Provided valuable support to over 50 students by guiding them through various algorithms and abstract data structures concepts.</li>\n<li>Collaborated with the teaching team to create and review course materials, making complex concepts accessible to a diverse group of learners.</li>\n<li>Fostered a culture of learning and curiosity within the student community, encouraging their growth in the field of computer science.</li>\n<li>Played a pivotal role in enhancing students' understanding of algorithms and data structures, contributing to their academic success.</li>\n<li>Actively participated in the development of instructional materials, ensuring that they aligned with the course's learning objectives and students' needs.</li>\n</ul>"}},{"node":{"frontmatter":{"title":"Developer","company":"Diner - ARt Labs","location":"Istanbul, Turkey","range":"Fall 2021 & Spring 2022","url":"diner.com.tr/en/"},"html":"<ul>\n<li>Collaborated with other student designers and engineers on pro-bono projects to create new brands, design systems, and websites for organizations in the community</li>\n<li>Built and delivered technical solutions according to stakeholder business requirements</li>\n</ul>"}},{"node":{"frontmatter":{"title":"Software Engineer Co-op","company":"PPPL","location":"Princeton, NJ","range":"July - December 2016","url":"https://starry.com/"},"html":"<ul>\n<li>Engineered and improved major features of Starry's customer-facing Android web app using ES6, Handlebars, Backbone, Marionette, and CSS</li>\n<li>Proposed and implemented scalable solutions to issues identified with cloud services and applications responsible for communicating with the Starry Station internet router</li>\n<li>Collaborated with designers and other developers to ensure thoughtful and consistent user experiences across Starry’s iOS and Android mobile apps</li>\n</ul>"}},{"node":{"frontmatter":{"title":"Creative Technologist Co-op","company":"Berker Group","location":"Boston, MA","range":"July - December 2015","url":"https://us.mullenlowe.com/"},"html":"<ul>\n<li>Developed, maintained, and shipped production code for client websites primarily using HTML, CSS, Sass, JavaScript, and jQuery</li>\n<li>Performed quality assurance tests on various sites to ensure cross-browser compatibility and mobile responsiveness</li>\n<li>Clients included JetBlue, Lovesac, U.S. Cellular, U.S. Department of Defense, and more</li>\n</ul>"}}]}}}