{"polyfill":["/polyfill-f4e05b864c9bf93fe2ca.js"],"app":["/app-ebda808f7ea9d74f2f59.js"],"component---cache-caches-gatsby-plugin-offline-app-shell-js":["/component---cache-caches-gatsby-plugin-offline-app-shell-js-e84596c37790733d100e.js"],"component---src-pages-404-js":["/component---src-pages-404-js-8d87be5f7995e29e1b3e.js"],"component---src-pages-archive-js":["/component---src-pages-archive-js-32158c9c87815dd411f9.js"],"component---src-pages-index-js":["/component---src-pages-index-js-3221285d4e0d74bf326d.js"],"component---src-pages-pensieve-index-js":["/component---src-pages-pensieve-index-js-e59bb2c25269ef8dc261.js"],"component---src-pages-pensieve-tags-js":["/component---src-pages-pensieve-tags-js-db027d6bb7e9729839f9.js"],"component---src-templates-post-js":["/component---src-templates-post-js-6f6dcb95f8ccabc76fb8.js"],"component---src-templates-tag-js":["/component---src-templates-tag-js-3c830ebe5edf34918cb2.js"]}