{"namedChunkGroups":{"polyfill":{"name":"polyfill","assets":[{"name":"webpack-runtime-12e9970a3a8eb4948f06.js","size":4202},{"name":"polyfill-f4e05b864c9bf93fe2ca.js","size":93435}],"filteredAssets":0,"assetsSize":97637,"filteredAuxiliaryAssets":2,"auxiliaryAssetsSize":273162},"app":{"name":"app","assets":[{"name":"webpack-runtime-12e9970a3a8eb4948f06.js","size":4202},{"name":"framework-b2d6e508d75a672689cc.js","size":129726},{"name":"app-ebda808f7ea9d74f2f59.js","size":72605}],"filteredAssets":0,"assetsSize":206533,"filteredAuxiliaryAssets":3,"auxiliaryAssetsSize":669394},"component---cache-caches-gatsby-plugin-offline-app-shell-js":{"name":"component---cache-caches-gatsby-plugin-offline-app-shell-js","assets":[{"name":"component---cache-caches-gatsby-plugin-offline-app-shell-js-e84596c37790733d100e.js","size":499}],"filteredAssets":0,"assetsSize":499,"filteredAuxiliaryAssets":1,"auxiliaryAssetsSize":1655},"component---src-pages-404-js":{"name":"component---src-pages-404-js","assets":[{"name":"546641dfde76ed00139ea2c3eae09499c5f2164a-e05035fc8660c336ef23.js","size":162948},{"name":"component---src-pages-404-js-8d87be5f7995e29e1b3e.js","size":1536}],"filteredAssets":0,"assetsSize":164484,"filteredAuxiliaryAssets":22,"auxiliaryAssetsSize":1269575},"component---src-pages-archive-js":{"name":"component---src-pages-archive-js","assets":[{"name":"546641dfde76ed00139ea2c3eae09499c5f2164a-e05035fc8660c336ef23.js","size":162948},{"name":"component---src-pages-archive-js-32158c9c87815dd411f9.js","size":3795}],"filteredAssets":0,"assetsSize":166743,"filteredAuxiliaryAssets":22,"auxiliaryAssetsSize":1275540},"component---src-pages-index-js":{"name":"component---src-pages-index-js","assets":[{"name":"546641dfde76ed00139ea2c3eae09499c5f2164a-e05035fc8660c336ef23.js","size":162948},{"name":"component---src-pages-index-js-3221285d4e0d74bf326d.js","size":571}],"filteredAssets":0,"assetsSize":163519,"filteredAuxiliaryAssets":22,"auxiliaryAssetsSize":1267337},"component---src-pages-pensieve-index-js":{"name":"component---src-pages-pensieve-index-js","assets":[{"name":"546641dfde76ed00139ea2c3eae09499c5f2164a-e05035fc8660c336ef23.js","size":162948},{"name":"component---src-pages-pensieve-index-js-e59bb2c25269ef8dc261.js","size":9184}],"filteredAssets":0,"assetsSize":172132,"filteredAuxiliaryAssets":22,"auxiliaryAssetsSize":1302482},"component---src-pages-pensieve-tags-js":{"name":"component---src-pages-pensieve-tags-js","assets":[{"name":"546641dfde76ed00139ea2c3eae09499c5f2164a-e05035fc8660c336ef23.js","size":162948},{"name":"component---src-pages-pensieve-tags-js-db027d6bb7e9729839f9.js","size":6769}],"filteredAssets":0,"assetsSize":169717,"filteredAuxiliaryAssets":22,"auxiliaryAssetsSize":1298150},"component---src-templates-post-js":{"name":"component---src-templates-post-js","assets":[{"name":"546641dfde76ed00139ea2c3eae09499c5f2164a-e05035fc8660c336ef23.js","size":162948},{"name":"component---src-templates-post-js-6f6dcb95f8ccabc76fb8.js","size":7357}],"filteredAssets":0,"assetsSize":170305,"filteredAuxiliaryAssets":22,"auxiliaryAssetsSize":1299078},"component---src-templates-tag-js":{"name":"component---src-templates-tag-js","assets":[{"name":"546641dfde76ed00139ea2c3eae09499c5f2164a-e05035fc8660c336ef23.js","size":162948},{"name":"component---src-templates-tag-js-3c830ebe5edf34918cb2.js","size":7326}],"filteredAssets":0,"assetsSize":170274,"filteredAuxiliaryAssets":22,"auxiliaryAssetsSize":1300116}},"assetsByChunkName":{"polyfill":["webpack-runtime-12e9970a3a8eb4948f06.js","polyfill-f4e05b864c9bf93fe2ca.js"],"app":["webpack-runtime-12e9970a3a8eb4948f06.js","framework-b2d6e508d75a672689cc.js","app-ebda808f7ea9d74f2f59.js"],"component---cache-caches-gatsby-plugin-offline-app-shell-js":["component---cache-caches-gatsby-plugin-offline-app-shell-js-e84596c37790733d100e.js"],"component---src-pages-404-js":["546641dfde76ed00139ea2c3eae09499c5f2164a-e05035fc8660c336ef23.js","component---src-pages-404-js-8d87be5f7995e29e1b3e.js"],"component---src-pages-archive-js":["546641dfde76ed00139ea2c3eae09499c5f2164a-e05035fc8660c336ef23.js","component---src-pages-archive-js-32158c9c87815dd411f9.js"],"component---src-pages-index-js":["546641dfde76ed00139ea2c3eae09499c5f2164a-e05035fc8660c336ef23.js","component---src-pages-index-js-3221285d4e0d74bf326d.js"],"component---src-pages-pensieve-index-js":["546641dfde76ed00139ea2c3eae09499c5f2164a-e05035fc8660c336ef23.js","component---src-pages-pensieve-index-js-e59bb2c25269ef8dc261.js"],"component---src-pages-pensieve-tags-js":["546641dfde76ed00139ea2c3eae09499c5f2164a-e05035fc8660c336ef23.js","component---src-pages-pensieve-tags-js-db027d6bb7e9729839f9.js"],"component---src-templates-post-js":["546641dfde76ed00139ea2c3eae09499c5f2164a-e05035fc8660c336ef23.js","component---src-templates-post-js-6f6dcb95f8ccabc76fb8.js"],"component---src-templates-tag-js":["546641dfde76ed00139ea2c3eae09499c5f2164a-e05035fc8660c336ef23.js","component---src-templates-tag-js-3c830ebe5edf34918cb2.js"]},"childAssetsByChunkName":{}}